time,X_value,Y_value,Z_value
Started:,Dec 05 2019,18:15:34:223, 
0.0198,-0.33082,6.87281,6.98752
0.0762,-0.35458,6.85076,7.00798
0.1337,-0.34677,6.92130,6.93872
0.1905,-0.37713,7.04618,6.81025
0.2473,-0.40202,7.12207,6.72941
0.3036,-0.38554,7.20422,6.64236
0.3611,-0.30157,7.25905,6.58678
0.4173,-0.08348,7.30405,6.54326
0.4745,0.11166,7.36023,6.47957
0.5317,0.19052,7.30831,6.53626
0.5877,0.08377,7.25488,6.59773
0.6446,0.05108,7.28082,6.56943
0.7011,-0.11397,7.47345,6.34862
0.7587,-0.37127,7.68389,6.08197
0.8226,-0.73424,7.88819,5.77994
0.8711,-1.08528,8.10519,5.41281
0.9291,-1.44167,8.30584,5.01048
0.9852,-1.71938,8.56712,4.45181
1.0419,-1.87670,8.70895,4.09909
1.0992,-2.08754,8.82894,3.72323
1.1555,-2.36775,8.90381,3.35950
1.2236,-2.51239,8.87152,3.33981
1.2687,-2.70639,8.80197,3.37210
1.3259,-2.89832,8.80555,3.19881
1.3837,-3.00886,8.83535,3.00893
1.4392,-2.98191,8.88595,2.88417
1.4974,-2.98275,8.93242,2.73597
1.5534,-2.94536,9.02956,2.44176
1.6099,-3.18931,8.96367,2.37724
1.6665,-3.32890,8.99591,2.04020
1.7228,-3.41110,9.05797,1.57731
1.7795,-3.49957,9.06201,1.34293
1.8371,-3.44279,9.12328,1.04085
1.8937,-3.29132,9.20991,0.71774
1.9506,-3.20033,9.25541,0.51545
2.0071,-3.02407,9.32122,0.37456
2.0643,-2.91302,9.35872,0.31463
2.1202,-2.86896,9.37470,0.23318
2.1768,-2.85158,9.38180,0.14413
2.2344,-2.85096,9.38297,0.04697
2.2913,-2.81488,9.39385,-0.04889
2.3477,-2.95710,9.34893,-0.15307
2.4036,-3.27979,9.24014,-0.18214
2.4617,-3.32862,9.21938,-0.30619
2.5179,-3.36856,9.19831,-0.46301
2.5748,-3.51554,9.14723,-0.37354
2.6311,-3.54002,9.13861,-0.35274
2.6886,-3.56252,9.13070,-0.33026
2.7450,-3.61876,9.11236,-0.19958
2.8039,-3.67186,9.09109,-0.19980
2.8585,-3.77795,9.04864,-0.13997
2.9157,-3.82819,9.02828,0.07399
2.9717,-3.75498,9.05482,0.28436
3.0294,-3.55318,9.12973,0.43978
3.0860,-3.31326,9.21527,0.52106
3.1420,-3.16945,9.26608,0.51459
3.2004,-3.08555,9.28201,0.70293
3.2562,-2.99653,9.29151,0.92686
3.3129,-2.81619,9.34163,0.98665
3.3692,-2.67271,9.38473,0.97665
3.4265,-2.64027,9.38342,1.07279
3.4833,-2.58383,9.38531,1.18750
3.5399,-2.48921,9.40018,1.26922
3.5981,-2.40377,9.41272,1.33905
3.6535,-2.35835,9.41272,1.41750
3.7099,-2.35279,9.41183,1.43257
3.7677,-2.29358,9.43639,1.36540
3.8236,-2.27448,9.45175,1.28902
3.8834,-2.25985,9.45447,1.29476
3.9368,-2.23014,9.46093,1.29911
3.9957,-2.23257,9.45696,1.32362
4.0507,-2.22303,9.44568,1.41693
4.1076,-2.18665,9.44262,1.49191
4.1644,-2.12003,9.45033,1.53858
4.2209,-2.10872,9.44631,1.57824
4.2897,-2.07238,9.44529,1.63159
4.3349,-1.99895,9.45254,1.68047
4.3916,-1.89377,9.47350,1.68427
4.4480,-1.78191,9.50222,1.64411
4.5055,-1.63308,9.52675,1.65665
4.5618,-1.43212,9.55885,1.65765
4.6185,-1.34935,9.57631,1.62604
4.6782,-1.37571,9.58142,1.57295
4.7347,-1.41651,9.57201,1.59391
4.7890,-1.32734,9.57181,1.67002
4.8520,-1.19960,9.58208,1.70734
4.9018,-1.10874,9.59198,1.71320
4.9606,-1.04500,9.59659,1.72737
5.0168,-1.00201,9.60906,1.68297
5.0722,-1.13218,9.61987,1.53191
5.1294,-1.31790,9.61442,1.41294
5.1857,-1.33722,9.61417,1.39639
5.2537,-1.32456,9.61338,1.41384
5.3001,-1.30815,9.61901,1.39062
5.3590,-1.28576,9.63498,1.29786
5.4133,-1.01708,9.70017,1.02110
5.4694,-0.56815,9.77137,0.60662
5.5350,-0.50159,9.77163,0.65886
5.5833,-0.50098,9.77057,0.67485
5.6448,-0.50487,9.77204,0.65023
5.6973,-0.50261,9.77419,0.61883
5.7538,-0.50509,9.77728,0.56579
5.8104,-0.50096,9.78293,0.46232
5.8680,-0.49066,9.78781,0.35848
5.9355,-0.47652,9.78945,0.33172
5.9806,-0.44875,9.79238,0.27972
6.0428,-0.41589,9.79474,0.24598
6.0957,-0.41175,9.79462,0.25746
6.1525,-0.39878,9.79526,0.25349
6.2080,-0.40320,9.79523,0.24743
6.2653,-0.40594,9.79523,0.24291
6.3214,-0.41997,9.79427,0.25734
6.3794,-0.44049,9.79269,0.28219
6.4397,-0.44592,9.79152,0.31257
6.4971,-0.45321,9.78892,0.37677
6.5494,-0.44359,9.78730,0.42697
6.6053,-0.47211,9.77921,0.56086
6.6633,-0.50498,9.77333,0.63035
6.7195,-0.52510,9.75983,0.80025
6.7761,-0.55246,9.75066,0.88868
6.8333,-0.55340,9.74727,0.92463
6.8901,-0.54673,9.74641,0.93755
6.9461,-0.53871,9.74603,0.94605
7.0025,-0.54087,9.74220,0.98356
7.0604,-0.54563,9.73688,1.03239
7.1165,-0.54048,9.73433,1.05881
7.1740,-0.54309,9.73195,1.07912
7.2294,-0.54111,9.73036,1.09435
7.2875,-0.53611,9.72865,1.11192
7.3437,-0.53609,9.72685,1.12757
7.4005,-0.52867,9.72579,1.14015
7.4571,-0.52487,9.72458,1.15212
7.5139,-0.51696,9.72418,1.15906
7.5702,-0.51330,9.72385,1.16348
7.6271,-0.51748,9.72327,1.16647
7.6838,-0.51956,9.72310,1.16695
7.7479,-0.51727,9.72331,1.16619
7.7977,-0.52246,9.72293,1.16709
7.8547,-0.52655,9.72247,1.16907
7.9120,-0.52909,9.72301,1.16345
7.9693,-0.52452,9.72453,1.15275
8.0266,-0.52710,9.72504,1.14726
8.0820,-0.52970,9.72530,1.14386
8.1386,-0.53017,9.72496,1.14651
8.2034,-0.53309,9.72575,1.13840
8.2524,-0.53193,9.72614,1.13564
8.3145,-0.52986,9.72646,1.13388
8.3657,-0.53345,9.72613,1.13499
8.4216,-0.53722,9.72581,1.13592
8.4799,-0.53571,9.72614,1.13384
8.5376,-0.53468,9.72667,1.12975
8.6001,-0.54553,9.72739,1.11836
8.6496,-0.55380,9.72881,1.10180
8.7067,-0.55586,9.72902,1.09885
8.7638,-0.56306,9.73054,1.08163
8.8192,-0.56968,9.73136,1.07070
8.8764,-0.57771,9.73155,1.06467
8.9352,-0.58278,9.73208,1.05707
9.0037,-0.58736,9.73248,1.05086
9.0470,-0.58843,9.73278,1.04745
9.1082,-0.58290,9.73314,1.04715
9.1615,-0.58100,9.73314,1.04826
9.2176,-0.58258,9.73346,1.04440
9.2736,-0.58369,9.73438,1.03516
9.3312,-0.57816,9.73513,1.03117
9.4035,-0.57783,9.73575,1.02553
9.4447,-0.57549,9.73658,1.01890
9.5048,-0.57185,9.73656,1.02112
9.5581,-0.55766,9.73539,1.04002
9.6146,-0.55390,9.73291,1.06488
9.6715,-0.58693,9.72808,1.09103
9.7275,-0.61548,9.72427,1.10916
9.7855,-0.65376,9.71802,1.14155
9.8422,-0.68458,9.71231,1.17166
9.8998,-0.72322,9.70208,1.23168
9.9572,-0.76237,9.69272,1.28077
10.0120,-0.81584,9.68016,1.34139
10.0689,-0.87216,9.66209,1.43311
10.1264,-0.91376,9.64068,1.54683
10.1840,-0.94736,9.61726,1.66772
10.2395,-0.92447,9.59662,1.79459
10.2963,-0.80907,9.59449,1.86056
10.3528,-0.65564,9.58761,1.95402
10.4090,-0.39093,9.60522,1.93840
10.4672,-0.16724,9.62245,1.88439
10.5226,0.02004,9.63327,1.83577
10.5799,0.09000,9.63155,1.84268
10.6367,0.03307,9.63557,1.82346
10.6940,-0.02269,9.65098,1.74025
10.7504,-0.05870,9.66163,1.67927
10.8068,-0.06782,9.66666,1.64967
10.8672,-0.07379,9.69196,1.49361
10.9197,-0.21381,9.71464,1.32306
10.9778,-0.21935,9.71607,1.31157
11.0353,-0.19420,9.71414,1.32974
11.0911,-0.14949,9.71908,1.29906
11.1476,-0.12212,9.72970,1.21996
11.2038,-0.22026,9.71631,1.30966
11.2627,-0.41386,9.68809,1.46286
11.3188,-0.60307,9.66477,1.54882
11.3763,-0.77562,9.65165,1.55386
11.4309,-0.73525,9.63682,1.66180
11.4887,-0.61700,9.65024,1.63172
11.5448,-0.47123,9.65509,1.65154
11.6032,-0.43798,9.65129,1.68259
11.6691,-0.45550,9.67665,1.52489
11.7151,-0.40169,9.69190,1.44088
11.7759,-0.38574,9.70389,1.36236
11.8288,-0.36254,9.71297,1.30273
11.8860,-0.38306,9.71836,1.25581
11.9428,-0.39189,9.73268,1.13651
11.9992,-0.40924,9.74406,1.02775
12.0651,-0.44869,9.75747,0.87222
12.1133,-0.54731,9.76193,0.75861
12.1735,-0.58269,9.76856,0.63728
12.2271,-0.55536,9.77282,0.59488
12.2830,-0.52916,9.77362,0.60554
12.3404,-0.51829,9.77373,0.61318
12.3972,-0.51484,9.77151,0.65035
12.4643,-0.55302,9.76718,0.68325
12.5093,-0.57784,9.76271,0.72518
12.5714,-0.58700,9.76210,0.72612
12.6238,-0.61610,9.76198,0.70321
12.6796,-0.63357,9.76055,0.70751
12.7375,-0.60039,9.76242,0.71073
12.7958,-0.54743,9.76339,0.73952
12.8508,-0.51754,9.76167,0.78246
12.9072,-0.47270,9.76024,0.82746
12.9649,-0.45927,9.75869,0.85293
13.0208,-0.47083,9.75868,0.84671
13.0773,-0.48231,9.75663,0.86364
13.1351,-0.47869,9.75645,0.86773
13.1913,-0.46944,9.75587,0.87916
13.2484,-0.48803,9.75581,0.86974
13.3047,-0.50064,9.75431,0.87932
13.3628,-0.49871,9.75354,0.88894
13.4192,-0.48506,9.75191,0.91394
13.4749,-0.47606,9.74844,0.95479
13.5326,-0.49851,9.74711,0.95697
13.5901,-0.48330,9.74486,0.98716
13.6452,-0.46022,9.74197,1.02598
13.7020,-0.44342,9.74248,1.02856
13.7597,-0.43746,9.74212,1.03447
13.8169,-0.39552,9.74059,1.06532
13.8721,-0.36082,9.73644,1.11443
13.9308,-0.32614,9.73839,1.10805
13.9860,-0.29072,9.73975,1.10596
14.0488,-0.28260,9.73695,1.13239
14.1004,-0.29746,9.73312,1.16114
14.1569,-0.31452,9.72840,1.19568
14.2128,-0.33309,9.72514,1.21702
14.2693,-0.34527,9.72841,1.18711
14.3267,-0.33139,9.73446,1.14057
14.3839,-0.31996,9.73218,1.16308
14.4458,-0.28633,9.73452,1.15220
14.4971,-0.26582,9.72765,1.21349
14.5542,-0.26736,9.72400,1.24202
14.6107,-0.25621,9.72242,1.25668
14.6680,-0.25935,9.72111,1.26618
14.7279,-0.26432,9.71820,1.28730
14.7820,-0.29962,9.71683,1.28990
14.8428,-0.31980,9.72126,1.25112
14.8945,-0.30216,9.72316,1.24065
14.9512,-0.29266,9.72210,1.25120
15.0077,-0.29001,9.72108,1.25970
15.0651,-0.28089,9.72040,1.26703
15.1301,-0.29136,9.71974,1.26974
15.1791,-0.27832,9.71984,1.27184
15.2383,-0.25247,9.71554,1.30958
15.2937,-0.24790,9.71432,1.31942
15.3498,-0.25079,9.71281,1.32999
15.4048,-0.27625,9.71347,1.32008
15.4631,-0.29073,9.71580,1.29967
15.5267,-0.28837,9.71456,1.30944
15.5761,-0.26985,9.71486,1.31112
15.6333,-0.24707,9.71505,1.31425
15.6897,-0.25187,9.71578,1.30791
15.7458,-0.26941,9.71555,1.30611
15.8039,-0.27738,9.71537,1.30580
15.8597,-0.27908,9.71645,1.29737
15.9274,-0.27775,9.71743,1.29027
15.9729,-0.27680,9.71923,1.27683
16.0302,-0.26842,9.72029,1.27054
16.0896,-0.26714,9.72030,1.27078
16.1437,-0.26639,9.71866,1.28335
16.2006,-0.26633,9.71872,1.28292
16.2576,-0.27322,9.71944,1.27604
16.3145,-0.28352,9.71978,1.27116
16.3712,-0.28951,9.72033,1.26560
16.4272,-0.29850,9.72047,1.26245
16.4847,-0.31193,9.72156,1.25072
16.5407,-0.32633,9.72362,1.23091
16.5985,-0.32615,9.72596,1.21230
16.6542,-0.30922,9.72656,1.21192
16.7119,-0.30556,9.72804,1.20091
16.7682,-0.31079,9.72796,1.20028
16.8242,-0.32652,9.72881,1.18909
16.8816,-0.33746,9.72977,1.17818
16.9384,-0.34706,9.73086,1.16631
16.9963,-0.34857,9.73225,1.15425
17.0516,-0.34575,9.73269,1.15136
17.1125,-0.34525,9.73368,1.14311
17.1667,-0.34624,9.73412,1.13905
17.2219,-0.35423,9.73338,1.14290
17.2787,-0.35671,9.73345,1.14151
17.3358,-0.35855,9.73265,1.14775
17.3928,-0.35693,9.73253,1.14925
17.4488,-0.35394,9.73355,1.14156
17.5087,-0.35172,9.73355,1.14223
17.5639,-0.35047,9.73324,1.14521
17.6205,-0.34898,9.73340,1.14433
17.6760,-0.34616,9.73136,1.16238
17.7352,-0.33865,9.72870,1.18662
17.7905,-0.34544,9.72853,1.18603
17.8460,-0.34953,9.72863,1.18406
17.9038,-0.33840,9.72891,1.18498
17.9653,-0.33347,9.72916,1.18430
18.0177,-0.32531,9.72837,1.19305
18.0740,-0.32198,9.72798,1.19712
18.1309,-0.32114,9.72801,1.19707
18.1901,-0.32209,9.72715,1.20385
18.2441,-0.31676,9.72599,1.21455
18.3016,-0.30753,9.72541,1.22153
18.3580,-0.30114,9.72408,1.23364
18.4145,-0.29395,9.72344,1.24047
18.4702,-0.28844,9.72384,1.23860
18.5293,-0.28537,9.72356,1.24154
18.5871,-0.28449,9.72280,1.24767
18.6423,-0.28286,9.72267,1.24900
18.6986,-0.27998,9.72216,1.25361
18.7548,-0.28211,9.72211,1.25353
18.8113,-0.28262,9.72280,1.24808
18.8770,-0.28321,9.72295,1.24679
18.9247,-0.28714,9.72364,1.24046
18.9877,-0.29412,9.72396,1.23632
19.0386,-0.29293,9.72390,1.23705
19.0964,-0.28784,9.72402,1.23732
19.1523,-0.27760,9.72283,1.24894
19.2093,-0.26409,9.72264,1.25333
19.2661,-0.25674,9.72194,1.26030
19.3222,-0.25818,9.72107,1.26674
19.3872,-0.26202,9.72005,1.27369
19.4361,-0.26182,9.71935,1.27911
19.4941,-0.26002,9.71770,1.29195
19.5500,-0.26751,9.71852,1.28418
19.6057,-0.28421,9.72100,1.26168
19.6645,-0.29678,9.72225,1.24903
19.7202,-0.30442,9.72219,1.24767
19.7768,-0.30615,9.72357,1.23646
19.8335,-0.29816,9.72029,1.26387
19.8910,-0.29178,9.72124,1.25805
19.9472,-0.31838,9.72311,1.23703
20.0036,-0.33327,9.72584,1.21136
20.0728,-0.32991,9.72452,1.22278
20.1174,-0.31241,9.72460,1.22675
20.1745,-0.28318,9.72472,1.23293
20.2304,-0.25436,9.72589,1.22991
20.2880,-0.23573,9.72378,1.25019
20.3444,-0.22258,9.72191,1.26698
20.4018,-0.22699,9.72306,1.25737
20.4583,-0.25201,9.72474,1.23951
20.5146,-0.26027,9.72507,1.23515
20.5752,-0.25728,9.72509,1.23568
20.6284,-0.26253,9.72488,1.23619
20.6852,-0.26457,9.72408,1.24201
20.7415,-0.27092,9.72436,1.23849
20.7991,-0.27533,9.72367,1.24291
20.8558,-0.27709,9.72267,1.25031
20.9120,-0.27787,9.72315,1.24640
20.9737,-0.27704,9.72290,1.24855
21.0260,-0.27248,9.72208,1.25589
21.0827,-0.26812,9.72244,1.25408
21.1386,-0.27023,9.72215,1.25588
21.1963,-0.27296,9.72245,1.25293
21.2540,-0.26711,9.72232,1.25523
21.3098,-0.25993,9.72243,1.25584
21.3700,-0.26097,9.72298,1.25137
21.4227,-0.26677,9.72384,1.24341
21.4805,-0.27221,9.72456,1.23659
21.5386,-0.27716,9.72475,1.23406
21.5929,-0.27968,9.72561,1.22662
21.6500,-0.28139,9.72582,1.22460
21.7071,-0.28590,9.72639,1.21899
21.7640,-0.28948,9.72695,1.21367
21.8202,-0.29420,9.72738,1.20908
21.8769,-0.30102,9.72840,1.19917
21.9384,-0.30896,9.72902,1.19207
21.9906,-0.31293,9.72994,1.18349
22.0475,-0.31840,9.73044,1.17790
22.1067,-0.32314,9.73132,1.16933
22.1619,-0.32463,9.73144,1.16797
22.2178,-0.32787,9.73140,1.16737
22.2737,-0.32519,9.73158,1.16663
22.3311,-0.32030,9.73148,1.16879
22.3885,-0.31654,9.73082,1.17533
22.4549,-0.31382,9.73110,1.17370
22.5015,-0.31286,9.73099,1.17488
22.5637,-0.31225,9.73139,1.17171
22.6165,-0.30998,9.73080,1.17723
22.6715,-0.30784,9.73088,1.17709
22.7303,-0.30855,9.73091,1.17666
22.7859,-0.30932,9.73097,1.17599
22.8554,-0.30912,9.73095,1.17619
22.8993,-0.30835,9.73078,1.17782
22.9566,-0.30781,9.73077,1.17799
23.0138,-0.30478,9.73018,1.18369
23.0698,-0.30428,9.73009,1.18457
23.1386,-0.30451,9.73040,1.18190
23.1833,-0.30678,9.73002,1.18452
23.2432,-0.30902,9.73002,1.18391
23.3010,-0.30942,9.73020,1.18233
23.3533,-0.30934,9.72967,1.18670
23.4101,-0.30372,9.72952,1.18939
23.4675,-0.29679,9.72880,1.19696
23.5242,-0.29825,9.72842,1.19966
23.5799,-0.29120,9.72816,1.20354
23.6372,-0.29051,9.72799,1.20503
23.6945,-0.29273,9.72844,1.20091
23.7505,-0.29744,9.72829,1.20093
23.8072,-0.30295,9.72826,1.19982
23.8658,-0.30859,9.72811,1.19959
23.9201,-0.30753,9.72802,1.20064
23.9773,-0.30552,9.72836,1.19838
24.0375,-0.30085,9.72807,1.20189
24.0914,-0.29705,9.72813,1.20237
24.1486,-0.29628,9.72770,1.20603
24.2043,-0.29704,9.72761,1.20658
24.2610,-0.29480,9.72717,1.21067
24.3187,-0.29243,9.72692,1.21318
24.3755,-0.28975,9.72619,1.21969
24.4312,-0.28834,9.72587,1.22254
24.4889,-0.29506,9.72537,1.22497
24.5455,-0.30329,9.72505,1.22546
24.6015,-0.31113,9.72507,1.22336
24.6592,-0.31293,9.72462,1.22644
24.7167,-0.30754,9.72484,1.22612
24.7731,-0.30374,9.72440,1.23054
24.8293,-0.29954,9.72473,1.22895
24.8862,-0.30037,9.72515,1.22543
24.9432,-0.29876,9.72513,1.22595
24.9996,-0.29826,9.72569,1.22165
25.0566,-0.30007,9.72666,1.21344
25.1135,-0.29945,9.72707,1.21027
25.1701,-0.29922,9.72749,1.20699
25.2266,-0.29968,9.72824,1.20077
25.2839,-0.30547,9.72806,1.20084
25.3401,-0.31608,9.72875,1.19245
25.3988,-0.32281,9.72816,1.19544
25.4555,-0.32070,9.72790,1.19814
25.5101,-0.31329,9.72716,1.20610
25.5692,-0.30873,9.72718,1.20712
25.6238,-0.31283,9.72731,1.20498
25.6810,-0.31828,9.72763,1.20095
25.7378,-0.32332,9.72794,1.19711
25.8079,-0.32612,9.72814,1.19469
25.8507,-0.32037,9.72818,1.19594
25.9120,-0.31678,9.72781,1.19989
25.9660,-0.31168,9.72812,1.19875
26.0216,-0.31351,9.72769,1.20171
26.0774,-0.32208,9.72733,1.20239
26.1366,-0.32552,9.72744,1.20060
26.2039,-0.32300,9.72744,1.20124
26.2485,-0.32025,9.72840,1.19415
26.3064,-0.32257,9.72949,1.18464
26.3618,-0.32634,9.72932,1.18503
26.4188,-0.33501,9.73011,1.17605
26.4819,-0.34697,9.73057,1.16881
26.5337,-0.35235,9.73101,1.16351
26.5925,-0.35612,9.73171,1.15648
26.6464,-0.35423,9.73181,1.15615
26.7054,-0.36077,9.73345,1.14024
26.7603,-0.40650,9.73623,1.10042
26.8163,-0.38321,9.74229,1.05415
26.8731,-0.34255,9.73071,1.16893
26.9307,-0.37612,9.73341,1.13567
26.9923,-0.38756,9.74316,1.04450
27.0439,-0.36147,9.73689,1.11027
27.1047,-0.41463,9.73959,1.06718
27.1582,-0.40104,9.74380,1.03344
27.2136,-0.37998,9.73672,1.10560
27.2693,-0.40061,9.73891,1.07871
27.3280,-0.38763,9.73964,1.07682
27.3850,-0.38770,9.73711,1.09940
27.4404,-0.41523,9.73936,1.06901
27.4979,-0.41439,9.74045,1.05938
27.5545,-0.41074,9.73853,1.07831
27.6113,-0.39453,9.73695,1.09843
27.6690,-0.39823,9.73540,1.11076
27.7241,-0.41955,9.73883,1.07215
27.7810,-0.42644,9.73743,1.08208
27.8393,-0.42686,9.73548,1.09936
27.8950,-0.41752,9.73328,1.12220
27.9520,-0.41083,9.73435,1.11537
28.0078,-0.40596,9.73723,1.09173
28.0658,-0.39955,9.73913,1.07711
28.1214,-0.40941,9.74215,1.04559
28.1795,-0.39577,9.74451,1.02872
28.2369,-0.36934,9.74168,1.06473
28.2926,-0.34200,9.73878,1.09978
28.3493,-0.32778,9.73561,1.13171
28.4053,-0.32836,9.73378,1.14717
28.4672,-0.33885,9.73159,1.16268
28.5194,-0.36139,9.73129,1.15835
28.5807,-0.37453,9.73231,1.14552
28.6339,-0.37398,9.73209,1.14758
28.6901,-0.38157,9.73246,1.14194
28.7467,-0.38868,9.73212,1.14247
28.8022,-0.39642,9.73171,1.14325
28.8643,-0.40997,9.73145,1.14070
28.9171,-0.41411,9.73122,1.14115
28.9748,-0.42068,9.73066,1.14356
29.0310,-0.41488,9.73020,1.14953
29.0869,-0.40284,9.72938,1.16074
29.1440,-0.38948,9.72954,1.16396
29.2007,-0.37838,9.73012,1.16275
29.2657,-0.37261,9.73061,1.16048
29.3141,-0.36889,9.73133,1.15563
29.3747,-0.37808,9.73179,1.14874
29.4295,-0.38209,9.73276,1.13918
29.4847,-0.38187,9.73320,1.13549
29.5414,-0.37965,9.73314,1.13672
29.5997,-0.36969,9.73293,1.14186
29.6650,-0.37092,9.73285,1.14210
29.7118,-0.37862,9.73300,1.13828
29.7727,-0.37528,9.73322,1.13748
29.8250,-0.36225,9.73378,1.13695
29.8915,-0.36726,9.73381,1.13507
29.9390,-0.37614,9.73401,1.13045
29.9958,-0.39240,9.73369,1.12769
30.0527,-0.41013,9.73226,1.13368
30.1099,-0.41863,9.73131,1.13876
30.1658,-0.41556,9.73105,1.14212
30.2227,-0.41272,9.73116,1.14213
30.2793,-0.40388,9.73075,1.14878
30.3373,-0.38767,9.72910,1.16821
30.3936,-0.37629,9.72905,1.17235
30.4616,-0.36756,9.72806,1.18328
30.5065,-0.35898,9.72778,1.18823
30.5644,-0.35376,9.72786,1.18910
30.6194,-0.35174,9.72818,1.18711
30.6765,-0.34895,9.72843,1.18583
30.7340,-0.35079,9.72852,1.18462
30.7906,-0.34747,9.72806,1.18935
30.8479,-0.34384,9.72760,1.19410
30.9046,-0.33943,9.72699,1.20033
30.9608,-0.33759,9.72616,1.20754
31.0274,-0.34119,9.72552,1.21171
31.0736,-0.34000,9.72528,1.21399
31.1312,-0.34314,9.72506,1.21487
31.1878,-0.34362,9.72591,1.20785
31.2447,-0.34760,9.72631,1.20352
31.3008,-0.35050,9.72661,1.20024
31.3585,-0.35415,9.72679,1.19773
31.4163,-0.35888,9.72748,1.19071
31.4708,-0.36966,9.72751,1.18715
31.5282,-0.38016,9.72763,1.18284
31.5851,-0.37458,9.72796,1.18189
31.6471,-0.36853,9.72820,1.18182
31.6986,-0.35062,9.72892,1.18135
31.7556,-0.33416,9.72747,1.19796
31.8116,-0.32901,9.72724,1.20126
31.8693,-0.31968,9.72628,1.21151
31.9273,-0.32117,9.72646,1.20962
31.9828,-0.32118,9.72653,1.20910
32.0438,-0.32527,9.72671,1.20655
32.0963,-0.33442,9.72793,1.19409
32.1531,-0.33986,9.72919,1.18223
32.2093,-0.34179,9.72651,1.20353
32.2668,-0.33970,9.72646,1.20455
32.3261,-0.34325,9.72542,1.21196
32.3802,-0.34835,9.72483,1.21521
32.4374,-0.32832,9.72324,1.23338
32.4938,-0.30455,9.72115,1.25575
32.5515,-0.28450,9.72051,1.26534
32.6066,-0.26493,9.72090,1.26659
32.6643,-0.24970,9.72042,1.27339
32.7270,-0.25433,9.72118,1.26665
32.7779,-0.25920,9.72275,1.25352
32.8358,-0.26273,9.72411,1.24216
32.8926,-0.24588,9.72500,1.23870
32.9478,-0.23716,9.72270,1.25825
33.0112,-0.24656,9.72093,1.27009
33.0611,-0.25081,9.71909,1.28328
33.1184,-0.24343,9.71546,1.31185
33.1756,-0.16038,9.70179,1.42124
33.2318,-0.10678,9.67503,1.59776
33.2888,-0.09564,9.67215,1.61576
33.3445,-0.09557,9.70712,1.39035
33.4011,0.05374,9.69898,1.44820
33.4590,0.13742,9.67902,1.57100
33.5236,0.16397,9.63817,1.80254
33.5720,0.30422,9.52515,2.31286
33.6295,0.62763,9.44286,2.57076
33.6862,0.19969,9.55586,2.19456
33.7429,-0.89102,9.73851,0.73345
33.7998,-1.77184,9.64407,-0.15125
33.8560,-1.72734,9.60745,0.94002
33.9199,-0.80526,9.51658,2.22635
33.9696,0.32610,9.44707,2.61093
34.0312,1.26933,9.51135,2.02322
34.0836,1.15221,9.72599,0.49789
34.1397,0.42697,9.77753,-0.62288
34.1967,-0.63654,9.67079,-1.49701
34.2534,-0.90120,9.76391,-0.15615
34.3106,-0.08524,9.59727,2.01384
34.3670,0.82748,9.19633,3.30350
34.4234,0.63232,9.60440,1.87777
34.4800,1.10069,9.73858,0.34491
34.5372,0.30166,9.75816,-0.92612
34.6097,-0.82846,9.68544,-1.29474
34.6510,-1.44531,9.68179,-0.58694
34.7117,-1.47242,9.63820,1.05232
34.7654,-0.08161,9.47710,2.51959
34.8207,0.36551,9.34493,2.95111
34.8790,1.10449,9.55150,1.92857
34.9360,0.98754,9.75007,-0.36238
34.9921,0.13433,9.75783,-0.96808
35.0480,-1.08466,9.70402,-0.90878
35.1083,-1.00938,9.69225,-1.10083
35.1633,-0.82579,9.61894,1.72176
35.2196,-0.31293,9.43001,2.67344
35.2773,0.29287,9.46799,2.53807
35.3334,0.84018,9.59546,1.84161
35.3926,0.93957,9.75890,-0.22686
35.4458,0.12129,9.56639,-2.15402
35.5026,-0.49403,9.67818,-1.50305
35.5592,-0.92435,9.71702,-0.94625
35.6163,-0.81776,9.76653,0.34126
35.6717,-0.67990,9.61530,1.80391
35.7319,-0.54607,9.47147,2.48265
35.7903,-0.12509,9.58182,2.08411
35.8434,0.35206,9.66851,1.60197
35.9011,0.57566,9.76913,0.63487
35.9565,0.55102,9.79090,0.07129
36.0134,0.32903,9.79985,-0.15813
36.0692,0.14718,9.80384,-0.18270
36.1262,0.01966,9.80648,-0.05450
36.1850,-0.09081,9.80601,0.06639
36.2414,-0.14789,9.80047,0.31512
36.2971,-0.10923,9.79691,0.42321
36.3539,-0.13310,9.78877,0.57679
36.4108,-0.23614,9.77717,0.72225
36.4678,-0.33564,9.75568,0.94041
36.5243,-0.42082,9.72822,1.16409
36.5809,-0.61005,9.68524,1.41223
36.6378,-0.72160,9.66059,1.52406
36.6943,-0.75838,9.64477,1.60428
36.7528,-0.84805,9.64810,1.53797
36.8090,-1.09629,9.61657,1.57799
36.8756,-1.44713,9.57602,1.54146
36.9208,-1.78227,9.52415,1.51145
36.9861,-2.17670,9.46346,1.36938
37.0352,-2.56723,9.38105,1.25522
37.0923,-2.89249,9.30421,1.11158
37.1483,-3.12818,9.23751,1.02627
37.2044,-3.26124,9.19545,0.98917
37.2617,-3.21556,9.21410,0.96487
37.3184,-3.01995,9.27437,1.01802
37.3775,-2.65329,9.37746,1.09253
37.4328,-2.20910,9.47535,1.22803
37.4896,-1.78587,9.54039,1.40074
37.5460,-1.36999,9.59387,1.50038
37.6031,-0.97152,9.64298,1.49646
37.6793,-0.64385,9.68043,1.43007
37.7160,-0.44735,9.71489,1.26138
37.7782,-0.36932,9.74467,1.03706
37.8332,-0.40874,9.76209,0.83957
37.8867,-0.48328,9.76946,0.70315
37.9444,-0.53907,9.77015,0.65120
38.0005,-0.60039,9.77223,0.55982
38.0713,-0.73857,9.77380,0.31266
38.1135,-0.84152,9.76869,0.18661
38.1702,-0.88983,9.76558,0.10979
38.2297,-0.93635,9.76185,0.00207
38.2846,-0.90022,9.76519,-0.03324
38.3417,-0.83734,9.77084,-0.00089
38.3977,-0.84072,9.77050,-0.02922
38.4545,-0.82133,9.77213,-0.03660
38.5099,-0.79439,9.77436,0.03542
38.5689,-0.75185,9.77536,0.21781
38.6247,-0.73274,9.77339,0.33803
38.6817,-0.77021,9.76904,0.37808
38.7380,-0.84570,9.76082,0.42621
38.7953,-0.91743,9.75954,0.28306
38.8545,-0.90877,9.76193,0.22202
38.9090,-0.92020,9.76241,0.13785
38.9673,-0.96093,9.75907,0.08689
39.0216,-1.14516,9.72882,0.45732
39.0794,-1.31937,9.64512,1.18380
39.1396,-1.58566,9.58659,1.32415
39.1922,-1.51672,9.59055,1.37522
39.2495,-1.20067,9.62693,1.43216
39.3072,-0.97277,9.67090,1.30299
39.3637,-0.86319,9.69951,1.15968
39.4197,-0.75104,9.70321,1.20582
39.4761,-0.61224,9.68419,1.41847
39.5367,-0.56215,9.66559,1.55905
39.5899,-0.52074,9.67085,1.54077
39.6471,-0.52630,9.67100,1.53792
39.7039,-0.49774,9.71024,1.27822
39.7603,-0.35623,9.73846,1.09813
39.8169,-0.23079,9.76805,0.83809
39.8733,-0.13808,9.78534,0.63117
39.9358,-0.35496,9.77503,0.70219
39.9876,-0.35949,9.76439,0.83532
40.0476,-0.20116,9.76573,0.87208
40.1014,-0.31685,9.78792,0.51625
40.1574,-0.45599,9.77305,0.67079
40.2143,-0.52051,9.75184,0.89505
40.2707,-0.57773,9.74457,0.93805
40.3279,-0.55148,9.72725,1.11664
40.3841,-0.52016,9.73106,1.09833
40.4414,-0.55402,9.73791,1.01812
40.4987,-0.56116,9.74382,0.95577
40.5549,-0.49574,9.74152,1.01361
40.6116,-0.40827,9.73452,1.11485
40.6691,-0.32369,9.74088,1.08666
40.7326,-0.31991,9.74210,1.07683
40.7815,-0.30908,9.73775,1.11848
40.8403,-0.32350,9.73251,1.15931
40.8966,-0.37244,9.73929,1.08535
40.9524,-0.36915,9.74044,1.07612
41.0090,-0.33870,9.73749,1.11217
41.0664,-0.31889,9.73320,1.15482
41.1370,-0.29757,9.73154,1.17431
41.1802,-0.28888,9.73138,1.17780
41.2377,-0.28114,9.72323,1.24505
41.2929,-0.26759,9.71747,1.29212
41.3495,-0.27083,9.73231,1.17442
41.4055,-0.29747,9.73254,1.16597
41.4632,-0.20811,9.73615,1.15516
41.5186,-0.13550,9.75255,1.01973
41.5766,-0.30337,9.75467,0.96167
41.6344,-0.19190,9.69358,1.47244
41.6900,0.03847,9.62559,1.87533
41.7472,0.44766,9.43242,2.64566
41.8028,0.25280,9.35135,2.94257
41.8612,-1.46783,9.67290,0.67153
41.9171,-2.57614,9.23017,-2.08277
41.9743,-2.57098,9.24365,-2.02864
42.0302,-2.90952,9.34384,-0.63062
42.0874,-2.06845,9.41520,1.80164
42.1443,-1.26962,8.99845,3.68597
42.2003,-0.88092,9.03012,3.72172
42.2583,-1.04562,9.54583,1.98851
42.3151,-1.12018,9.73752,0.31043
42.3714,-1.63443,9.60019,-1.15562
42.4277,-2.35639,9.34833,-1.79627
42.4853,-3.06121,9.27069,-0.92399
42.5420,-2.86298,9.33418,0.92027
42.5981,-1.56525,9.20426,3.00034
42.6557,-1.15422,9.12494,3.40199
42.7142,-1.01218,9.62421,1.58759
42.7700,-0.83590,9.77088,0.03992
42.8258,-1.40336,9.59476,-1.46337
42.8827,-2.49048,9.27887,-1.96737
42.9394,-2.81876,9.38955,-0.24765
42.9997,-2.51384,9.46594,0.49703
43.0535,-1.39019,9.40982,2.38603
43.1144,-0.51003,9.33688,2.95515
43.1672,-0.50948,9.58002,2.03325
43.2228,-0.61926,9.77106,0.55973
43.2795,-1.57984,9.56999,-1.44557
43.3371,-2.87254,9.20033,-1.80908
43.3931,-3.12433,9.16559,-1.54948
43.4501,-3.03197,9.28390,0.88696
43.5089,-1.88814,9.09333,3.14906
43.5639,-1.18182,9.01851,3.66610
43.6203,-0.62760,9.53759,2.19337
43.6769,-0.95114,9.75591,0.29645
43.7350,-1.53848,9.59002,-1.35459
43.7999,-2.45738,9.28498,-1.98011
43.8474,-3.08963,9.26712,-0.86322
43.9049,-2.88249,9.36508,0.39608
43.9619,-2.33511,9.25592,2.24623
44.0181,-2.10281,9.07603,3.06174
44.0752,-1.77337,9.49380,1.70095
44.1317,-1.24655,9.72045,0.35960
44.1982,-1.54394,9.68234,-0.19709
44.2449,-1.90278,9.60920,0.46158
44.3016,-2.05569,9.57619,0.49099
44.3594,-2.09549,9.55758,0.65728
44.4153,-2.04669,9.54334,0.95190
44.4717,-1.84964,9.60562,0.69375
44.5296,-1.81952,9.62576,0.45211
44.5858,-1.81768,9.60593,0.76982
44.6426,-1.89141,9.55848,1.10830
44.6997,-1.87622,9.53601,1.30947
44.7567,-1.77336,9.50140,1.65801
44.8129,-1.75405,9.47084,1.84304
44.8697,-1.67604,9.41650,2.16583
44.9264,-1.86582,9.36257,2.24306
45.0002,-2.01960,9.32065,2.28408
45.0399,-2.37801,9.27806,2.10546
45.0977,-2.76891,9.22065,1.86631
45.1538,-3.04435,9.18792,1.57619
45.2102,-3.26947,9.16275,1.23489
45.2685,-3.49841,9.11105,0.95927
45.3233,-3.71239,9.04403,0.77080
45.3805,-3.91440,8.96328,0.71239
45.4377,-3.99002,8.93070,0.70197
45.4944,-3.93080,8.95349,0.74449
45.5508,-3.75500,9.02254,0.81493
45.6073,-3.54798,9.10125,0.86567
45.6650,-3.39522,9.15167,0.94332
45.7207,-3.27782,9.18886,0.99555
45.7779,-3.17265,9.22814,0.97272
45.8348,-3.05100,9.28121,0.84905
45.8938,-3.00433,9.31400,0.62749
45.9479,-2.97678,9.33424,0.42572
46.0044,-2.93847,9.35244,0.26007
46.0827,-2.86971,9.37501,0.21064
46.1186,-2.83803,9.38396,0.23921
46.1792,-2.81613,9.38337,0.43839
46.2319,-2.85858,9.35628,0.67752
46.2896,-2.94607,9.31385,0.86213
46.3460,-2.97086,9.29581,0.96558
46.4024,-2.89019,9.32722,0.90556
46.4593,-2.77299,9.35148,1.01528
46.5171,-2.72844,9.36814,0.98180
46.5750,-2.58237,9.42820,0.78152
46.6288,-2.29174,9.51063,0.68283
46.6859,-1.97377,9.56696,0.86484
46.7432,-1.87443,9.59071,0.82168
46.8010,-2.09076,9.56066,0.62686
46.8608,-2.16935,9.53225,0.77497
46.9135,-2.08049,9.55475,0.74078
46.9745,-2.12076,9.55447,0.62042
47.0267,-2.39331,9.49103,0.60223
47.0837,-2.53750,9.41774,1.01863
47.1404,-2.70825,9.36662,1.04987
47.1978,-2.60874,9.37569,1.20886
47.2606,-2.52237,9.39281,1.25824
47.3104,-2.53275,9.40557,1.13611
47.3727,-2.43002,9.45465,0.93538
47.4249,-2.25502,9.50022,0.91168
47.4809,-2.14423,9.53215,0.84309
47.5550,-2.07839,9.55151,0.78696
47.5948,-2.12107,9.53923,0.82132
47.6518,-2.15984,9.53695,0.74298
47.7107,-2.16949,9.52487,0.86057
47.7650,-2.15741,9.52045,0.93646
47.8218,-2.13801,9.52307,0.95415
47.8786,-2.15800,9.51935,0.94629
47.9353,-2.17745,9.52150,0.87758
47.9926,-2.21567,9.51837,0.81351
48.0576,-2.24517,9.50509,0.88479
48.1053,-2.25555,9.49885,0.92450
48.1635,-2.23105,9.50921,0.87618
48.2198,-2.21595,9.51240,0.87993
48.2747,-2.19891,9.51270,0.91850
48.3340,-2.17578,9.51351,0.96409
48.3897,-2.18039,9.51206,0.96799
48.4575,-2.20436,9.50522,0.98085
48.5034,-2.20890,9.50381,0.98424
48.5613,-2.16957,9.51126,0.99965
48.6232,-2.15104,9.51171,1.03475
48.6730,-2.11351,9.51955,1.04003
48.7310,-2.03206,9.52826,1.11959
48.7877,-2.03488,9.52830,1.11409
48.8438,-2.01269,9.53182,1.12420
48.9015,-2.00958,9.53219,1.12664
48.9579,-1.96621,9.52662,1.24416
49.0140,-1.93052,9.51837,1.35800
49.0702,-1.94185,9.51575,1.36021
49.1439,-1.95159,9.51756,1.33334
49.1842,-1.95005,9.52803,1.25873
49.2456,-1.89063,9.55215,1.16289
49.2984,-1.83331,9.54644,1.29420
49.3546,-1.88872,9.50524,1.50120
49.4111,-1.78102,9.46080,1.86856
49.4686,-1.35549,9.43125,2.32046
49.5256,-0.86510,9.40704,2.63241
49.5819,-1.13883,9.52883,2.01861
49.6428,-2.11223,9.57202,0.29218
49.6944,-2.57326,9.38326,-1.22599
49.7524,-2.44413,9.46191,-0.81787
49.8072,-2.02596,9.53604,1.06290
49.8671,-0.97548,9.20222,3.24624
49.9253,-0.57244,9.27825,3.12360
49.9797,-1.07574,9.58773,1.75745
50.0362,-1.14954,9.71270,0.71583
50.0923,-1.43655,9.69550,-0.32236
50.1498,-2.16183,9.42242,-1.64767
50.2075,-2.81185,9.35037,-0.91353
50.2625,-3.05732,9.31765,0.06841
50.3194,-2.27439,9.34262,1.92693
50.3759,-0.92465,9.13586,3.44258
50.4325,-0.40242,9.13591,3.54169
50.4893,-0.26197,9.56663,2.14039
50.5465,-0.43811,9.75266,0.92959
50.6032,-0.98770,9.75212,-0.30156
50.6595,-1.93337,9.42530,-1.89635
50.7184,-2.88204,9.25620,-1.47888
50.7740,-3.84223,8.96498,-1.01822
50.8311,-4.15724,8.88058,-0.15146
50.8882,-4.09584,8.88621,0.65557
50.9436,-2.95665,9.13580,1.99141
51.0008,-1.65927,9.15563,3.09704
51.0574,-0.91406,9.39589,2.65559
51.1145,-0.83955,9.72758,0.91634
51.1702,-1.06401,9.74029,-0.40614
51.2272,-1.48149,9.64381,-0.98617
51.2842,-2.11872,9.52966,-0.93116
51.3415,-3.03571,9.29010,-0.80552
51.4079,-3.65758,9.09188,-0.36096
51.4550,-4.17499,8.86938,0.27183
51.5162,-4.09576,8.82564,1.22605
51.5686,-3.07020,9.02765,2.29038
51.6263,-1.66942,9.23554,2.84398
51.6820,-0.69065,9.26833,3.12913
51.7387,-0.23912,9.41434,2.73558
51.7967,-0.19597,9.60911,1.94857
51.8530,-0.33063,9.75605,0.93836
51.9097,-0.80284,9.77093,-0.23381
51.9660,-1.19041,9.68844,-0.94206
52.0231,-1.99108,9.52988,-1.17784
52.0787,-2.79701,9.35562,-0.90528
52.1363,-3.35384,9.18637,-0.72986
52.1935,-3.71193,9.06585,-0.44982
52.2497,-4.03420,8.92910,0.40844
52.3061,-3.49244,9.04817,1.45047
52.3638,-2.31467,9.26158,2.24406
52.4198,-1.08210,9.27367,2.99974
52.4776,-0.56007,9.41471,2.68698
52.5355,-0.48532,9.62983,1.78920
52.5911,-0.48031,9.77155,0.67564
52.6471,-0.82043,9.76762,-0.30158
52.7034,-1.20453,9.70799,-0.68875
52.7612,-1.64153,9.62607,-0.90253
52.8175,-2.44899,9.45568,-0.87344
52.8730,-3.06334,9.29935,-0.55547
52.9312,-3.69326,9.07930,-0.31053
52.9891,-4.20959,8.85601,0.14405
53.0447,-4.23614,8.81267,0.74992
53.1006,-3.79805,8.93051,1.41110
53.1576,-2.53257,9.23644,2.10826
53.2148,-1.19849,9.30400,2.85825
53.2712,-0.55511,9.36710,2.84951
53.3285,-0.36329,9.55267,2.18746
53.3862,-0.47612,9.67869,1.50556
53.4424,-0.82715,9.77168,0.02269
53.4987,-1.19539,9.69557,-0.85870
53.5552,-1.67545,9.62188,-0.88472
53.6122,-2.23465,9.49562,-1.00494
53.6693,-2.83066,9.33865,-0.97334
53.7269,-3.28482,9.22326,-0.55840
53.7828,-3.46384,9.15950,0.52519
53.8397,-3.05141,9.16382,1.69813
53.8967,-1.98566,9.13859,2.95189
53.9530,-0.88736,9.06529,3.63366
54.0092,-0.31596,9.12690,3.57355
54.0671,-0.33321,9.19792,3.38491
54.1227,-0.20494,9.40051,2.78547
54.1788,-0.25685,9.65997,1.67015
54.2362,-0.70826,9.77377,0.37712
54.2928,-1.26468,9.69458,-0.76553
54.3497,-2.11470,9.51472,-1.08102
54.4068,-2.86207,9.32526,-1.00919
54.4631,-3.38313,9.15597,-0.94501
54.5204,-3.56380,9.12408,-0.46995
54.5786,-3.85016,9.01862,-0.10560
54.6334,-3.56648,9.11984,0.52836
54.6906,-2.91249,9.24917,1.46309
54.7472,-1.57539,9.29029,2.71643
54.8044,-0.46970,9.27607,3.14711
54.8617,-0.00691,9.37353,2.88224
54.9176,-0.06595,9.57045,2.13837
54.9774,-0.23583,9.71171,1.34068
55.0309,-0.59186,9.78553,0.25195
55.0877,-1.31011,9.63663,-1.26071
55.1445,-2.06026,9.52613,-1.08559
55.2011,-2.84828,9.30926,-1.18126
55.2592,-3.37472,9.14765,-1.04980
55.3150,-3.72487,9.04148,-0.73983
55.3716,-3.94043,8.97851,-0.17237
55.4286,-4.10420,8.89626,0.42710
55.4860,-3.83511,8.94540,1.20091
55.5435,-2.95717,9.14186,1.96261
55.5997,-1.71516,9.28170,2.66057
55.6564,-0.68189,9.25909,3.15827
55.7131,-0.39246,9.31921,3.02800
55.7702,-0.08629,9.42809,2.69704
55.8263,-0.06729,9.62284,1.88862
55.8831,-0.19928,9.75235,1.01107
55.9402,-0.66796,9.78356,-0.07916
55.9983,-1.39611,9.67690,-0.76083
56.0538,-2.03081,9.57170,-0.65481
56.1102,-2.64290,9.42788,-0.54824
56.1668,-3.05359,9.31739,-0.17965
56.2236,-3.26000,9.23859,0.43735
56.2809,-3.39679,9.11202,1.26622
56.3371,-2.77035,9.15167,2.17771
56.3963,-1.82431,9.20468,2.84889
56.4519,-0.90186,9.26795,3.07606
56.5070,-0.31304,9.31375,3.05393
56.5642,-0.12174,9.37734,2.86725
56.6202,0.06395,9.47909,2.51259
56.6771,-0.01494,9.69867,1.45120
56.7362,-0.51938,9.77951,0.51162
56.7913,-1.04831,9.74943,-0.14161
56.8495,-1.75928,9.62642,-0.63821
56.9048,-2.46915,9.46742,-0.66451
56.9626,-3.03222,9.31253,-0.50291
57.0190,-3.52693,9.15044,-0.02444
57.0758,-3.58189,9.10931,0.60081
57.1320,-2.98728,9.25397,1.26908
57.1888,-2.06021,9.31727,2.26150
57.2531,-1.11059,9.31084,2.87144
57.3016,-0.58223,9.38464,2.78566
57.3594,-0.43572,9.41818,2.69786
57.4157,-0.21986,9.54214,2.25158
57.4722,-0.24268,9.72948,1.20359
57.5312,-0.55141,9.79035,0.12424
57.5866,-1.30236,9.66793,-1.00266
57.6569,-2.14303,9.51921,-0.98107
57.6997,-2.98959,9.29191,-0.94506
57.7615,-3.53205,9.11514,-0.78049
57.8130,-3.97317,8.96441,0.15416
57.8710,-3.73815,9.00631,1.04070
57.9371,-2.64318,9.15123,2.33215
57.9835,-1.38815,9.14320,3.26272
58.0457,-0.65909,9.29605,3.05279
58.0987,-0.60225,9.42945,2.62549
58.1542,-0.65418,9.60803,1.85156
58.2111,-0.78741,9.77235,0.22715
58.2691,-1.56110,9.61684,-1.11789
58.3329,-2.49155,9.41115,-1.18014
58.3805,-3.15910,9.26502,-0.59157
58.4406,-3.41331,9.19265,-0.12170
58.4959,-3.39765,9.10593,1.30708
58.5509,-2.46495,9.11127,2.66068
58.6078,-1.63510,9.12181,3.20771
58.6652,-1.05614,9.36007,2.72836
58.7229,-0.94386,9.62117,1.64698
58.7783,-1.18302,9.73489,0.05235
58.8354,-1.86058,9.49391,-1.60443
58.8918,-3.41829,9.14984,-0.87527
58.9487,-4.16747,8.87578,-0.15197
59.0065,-3.94720,8.91632,1.04363
59.0615,-3.52906,8.93476,1.97135
59.1302,-2.77520,9.16380,2.11976
59.1756,-2.29406,9.36036,1.81419
59.2343,-1.80245,9.59829,0.89132
59.2900,-1.50971,9.68300,-0.36154
59.3463,-2.44521,9.39935,-1.35777
59.4039,-4.07258,8.88098,-0.84417
59.4598,-4.18072,8.83441,-0.80323
59.5163,-3.73959,9.04401,-0.62585
59.5723,-2.76710,9.40545,-0.22589
59.6299,-2.13203,9.56892,0.24614
59.6917,-1.86813,9.61918,0.38979
59.7438,-2.06504,9.57786,0.41313
59.8013,-2.21591,9.54967,0.25277
59.8571,-2.18892,9.55866,-0.10511
59.9149,-2.43450,9.48929,-0.44369
59.9697,-2.44449,9.44795,-0.96491
60.0290,-2.61726,9.43223,-0.59448
60.0847,-2.73583,9.40939,-0.38592
60.1404,-2.93854,9.33808,-0.57931
60.1987,-3.28231,9.21667,-0.67075
60.2545,-3.39485,9.11324,-1.26263
60.3174,-3.71214,8.89932,-1.78677
60.3692,-4.02644,8.66211,-2.21945
60.4244,-4.21597,8.49037,-2.51190
60.4831,-4.32020,8.44417,-2.49043
60.5381,-4.43784,8.43601,-2.30429
60.5960,-4.50722,8.46183,-2.06224
60.6516,-4.53936,8.48653,-1.88242
60.7082,-4.47199,8.55807,-1.71204
60.7656,-4.35678,8.67121,-1.41386
60.8219,-4.21377,8.79460,-1.03413
60.8795,-4.04786,8.90011,-0.75715
60.9372,-3.90685,8.97103,-0.65383
60.9935,-3.81662,9.02308,-0.43331
61.0492,-3.64773,9.10161,-0.15833
61.1069,-3.31524,9.22708,0.20142
61.1630,-2.99998,9.31587,0.62057
61.2197,-2.90749,9.33535,0.75377
61.2807,-2.81481,9.32214,1.15970
61.3347,-2.54882,9.39337,1.19935
61.3948,-2.32031,9.43633,1.31997
61.4459,-2.06521,9.47070,1.48699
61.5028,-1.81510,9.55852,1.22899
61.5606,-1.64443,9.63029,0.85071
61.6190,-1.48608,9.67780,0.54969
61.6733,-1.40363,9.70216,0.26121
61.7319,-1.41713,9.70370,-0.01757
61.7875,-1.45465,9.69736,-0.12484
61.8443,-1.46620,9.69630,-0.04954
61.9107,-1.58273,9.67666,0.16597
61.9576,-1.65032,9.66150,0.31989
62.0150,-1.90151,9.61858,0.19376
62.0703,-2.23654,9.53824,0.43607
62.1272,-2.34123,9.51732,0.33125
62.1844,-2.56557,9.44659,0.59172
62.2410,-2.90535,9.33473,0.76953
62.2984,-2.62537,9.44228,0.34803
62.3552,-2.39789,9.50531,0.26399
62.4112,-2.62399,9.44387,0.31373
62.4695,-2.64322,9.44286,0.12753
62.5243,-2.73624,9.41684,0.08093
62.5812,-3.11083,9.30014,0.02300
62.6386,-3.64351,9.10403,0.10855
62.6961,-3.55653,9.13893,0.03686
62.7519,-2.29875,9.52594,-0.37770
62.8083,-1.03085,9.69779,-1.02982
62.8675,-0.28884,9.66966,-1.60768
62.9223,0.96749,9.53814,-2.06353
62.9791,1.52730,9.29029,-2.74377
63.0360,0.81795,9.12727,-3.49203
63.0938,-0.61900,8.78764,-4.30866
63.1491,-2.51462,8.15169,-4.83704
63.2055,-3.09808,7.54197,-5.44894
63.2640,-3.89008,6.39852,-6.33218
63.3196,-4.56679,5.53629,-6.68313
63.3766,-4.35077,5.43188,-6.90911
63.4331,-4.02282,5.68472,-6.90444
63.4902,-3.58590,5.94520,-6.92577
63.5473,-3.55703,6.06616,-6.83517
63.6031,-4.19579,5.69492,-6.79217
63.6610,-5.90744,4.93486,-6.07616
63.7185,-7.49080,4.54844,-4.40115
63.7739,-8.39732,5.00857,-0.75478
63.8304,-7.51398,5.53987,3.00338
63.8880,-5.74334,5.88389,5.34456
63.9459,-4.10307,5.88559,6.68543
64.0010,-3.10780,5.95615,7.14396
64.0593,-2.59759,6.10382,7.22262
64.1152,-2.34136,6.31208,7.13065
64.1712,-2.17696,6.55956,6.95726
64.2269,-2.10255,6.65710,6.88714
64.2849,-2.02791,6.61699,6.94791
64.3420,-1.91196,6.54289,7.05021
64.3995,-1.87353,6.47479,7.12302
64.4580,-1.81868,6.38320,7.21925
64.5131,-1.80429,6.27724,7.31513
64.5699,-1.76956,6.25049,7.34646
64.6275,-1.75024,6.29416,7.31373
64.6828,-1.75129,6.32947,7.28294
64.7391,-1.77383,6.39299,7.22174
64.7977,-1.73395,6.43973,7.18983
64.8564,-1.68975,6.45344,7.18807
64.9102,-1.66511,6.45900,7.18882
